0.583736;0.882638;0.412906;1;0.844572;1;0.167485;0.977277;1
0.606795;0.902042;0.309548;1;0.837769;0.846154;0.132845;0.884441;0
0.59431;0.8784;0.428629;1;0.863747;1;0.189816;0.980551;1
0.599704;0.899522;0.306099;1;0.834591;0.84507;0.133476;0.924473;0
0.581877;0.881841;0.410933;1;0.858449;1;0.191554;0.981009;1
0.607733;0.912957;0.317033;1;0.828667;0.852941;0.132006;0.911532;0
0.590986;0.901528;0.428741;1;0.865496;1;0.195688;0.977379;1
0.610364;0.915391;0.301371;1;0.83527;0.833866;0.133637;0.87259;0
0.585407;0.895782;0.402368;1;0.868967;1;0.164477;0.980444;1
0.607889;0.910734;0.296243;1;0.837146;0.833866;0.132657;0.873315;0
0.587751;0.903729;0.408474;1;0.852474;1;0.195542;0.979722;1
0.604907;0.912403;0.3088;1;0.837036;0.84472;0.133663;0.89193;0
0.585403;0.892258;0.416681;1;0.852474;1;0.171928;0.982258;1
0.60175;0.905383;0.331007;1;0.833793;0.828125;0.134434;0.859034;0
0.5864;0.848301;0.394807;1;0.854875;1;0.193427;0.98262;1
0.603999;0.908109;0.303324;1;0.837042;0.845679;0.134364;0.892808;0
0.584719;0.88339;0.404254;1;0.851268;1;0.192709;0.982765;1
0.606711;0.908507;0.315321;1;0.824277;0.853125;0.135403;0.899885;0
0.58253;0.890791;0.387087;1;0.851268;1;0.192348;0.996348;1
0.607935;0.91135;0.308258;1;0.824492;0.848101;0.134686;0.891631;0
0.582518;0.883957;0.406451;1;0.851268;1;0.19909;0.978489;1
0.606175;0.905863;0.323354;1;0.831496;0.842282;0.133921;0.879212;0
0.583634;0.905374;0.404721;1;0.851268;1;0.197419;0.979017;1
0.603292;0.90149;0.314784;1;0.82575;0.845455;0.13229;0.895638;0
0.585218;0.89056;0.41069;1;0.851268;1;0.197345;0.998367;1
0.604457;0.900432;0.313178;1;0.824613;0.853125;0.134475;0.899826;0
0.586738;0.887198;0.406625;1;0.851268;1;0.196228;0.977718;1
0.598992;0.900831;0.308544;1;0.827525;0.828125;0.132067;0.859522;0
0.33168;0.0385449;0;1;0;0.473469;0.054953;0.621289;0
0.605507;0.890335;0.401075;1;0.945433;1;0.090883;0.969723;1
0.616671;0.802813;0.157532;1;0.785354;0.902542;0.140775;0.950955;0
0.606395;0.835442;0.378319;1;0.945036;1;0.0907152;0.9726;1
0.619222;0.79728;0.162388;1;0.792544;0.902954;0.140204;0.948188;0
0.654561;0.895388;0.441576;1;0.950089;1;0.088788;0.904247;1
0.598892;0.765211;0.147707;1;0.782216;0.903361;0.133805;0.95299;0
0.349294;0.31124;0;1;0;0.70915;0.0398799;0.788462;0
0.60813;0.881914;0.389878;1;0.943034;1;0.0905278;0.955073;1
0.610748;0.80041;0.141037;1;0.765721;0.903361;0.139985;0.95201;0
0.606268;0.877411;0.383899;1;0.935558;1;0.0912225;0.964611;1
0.605994;0.793075;0.144376;1;0.762542;0.903361;0.143332;0.953159;0
0.607097;0.893367;0.380867;1;0.938932;1;0.0934633;0.968634;1
0.619169;0.798152;0.151785;1;0.758224;0.902542;0.141924;0.95312;0
0.60799;0.889983;0.406588;1;0.940176;1;0.0944621;0.963307;1
0.615223;0.802219;0.154867;1;0.761961;0.902542;0.146234;0.947016;0
0.299262;0.486246;0;1;0;0.714706;0.0409474;0.685604;0
0.609193;0.897067;0.408749;1;0.932539;1;0.0944348;0.962643;1
0.608136;0.789575;0.146215;1;0.751673;0.903361;0.143883;0.947632;0
0.606706;0.884756;0.389585;1;0.932539;1;0.0998276;0.961998;1
0.613827;0.790091;0.145346;1;0.779874;0.923333;0.140305;0.967133;0
0.324953;0.226295;0;1;0;0.60678;0.0552565;0.679251;0
0.608231;0.868463;0.393936;1;0.935984;1;0.0926752;0.959516;1
0.614813;0.800407;0.166305;1;0.766466;0.902542;0.138557;0.948226;0
0.364027;0.292365;0;1;0.999987;0.429167;0.117219;0.444203;0
0.581073;0.862341;0.321119;1;0.857261;1;0.173021;0.972644;1
0.624971;0.88588;0.459023;1;0.80096;0.996479;0.172706;0.999613;0
0.577732;0.826839;0.309137;1;0.871262;1;0.212484;0.965068;1
0.621988;0.891602;0.449021;1;0.776515;1;0.176808;0.998441;0
0;0.916347;0.428253;1;0;0.68323;0;0.746471;0
0.576016;0.822248;0.300468;1;0.874675;0.997253;0.197136;0.9425;1
0.626044;0.892358;0.463296;1;0.77996;1;0.177259;0.99961;0
0;0.916147;0.396843;1;0;0.708861;0;0.757271;0
0.581512;0.847369;0.293674;1;0.874108;0.997368;0.195684;0.965499;1
0.621348;0.882745;0.470522;1;0.797616;1;0.169639;1;0
0;0.916977;0.409112;1;0;0.729282;0;0.779396;0
0.576066;0.822301;0.298574;1;0.863162;1;0.203666;0.968373;1
0.623402;0.883552;0.467868;1;0.80096;1;0.169804;1;0
0;0.931615;0.417761;1;0;0.6875;0;0.740558;0
0.576979;0.80674;0.302205;1;0.860813;1;0.199751;0.943803;1
0.624411;0.883545;0.474443;1;0.776515;1;0.173813;0.99961;0
0;0.929075;0.394573;1;0.611354;0.673171;0;0.702018;0
0.562884;0.781946;0.299255;1;0.86433;1;0.210505;0.990171;1
0.636869;0.904626;0.473936;1;0.772363;0.996296;0.167384;0.998848;0
0;0.912511;0.407965;1;0;0.708075;0;0.743659;0
0.573371;0.830058;0.28413;1;0.860813;0.992021;0.209559;0.967878;1
0.617505;0.879469;0.455379;1;0.772363;1;0.164519;0.998503;0
0;0.909262;0.408109;1;0;0.723757;0;0.77562;0
0.578578;0.827322;0.295504;1;0.86433;0.99734;0.201486;0.94446;1
0.623722;0.887792;0.450655;1;0.780647;1;0.171133;0.99961;0
0;0.919819;0.426364;1;0;0.711656;0;0.748148;0
0.568563;0.835571;0.302701;1;0.874675;0.997368;0.218068;0.95823;1
0.627602;0.893516;0.476592;1;0.804949;1;0.17284;0.99884;0
0;0.920483;0.401873;1;0.610992;0.673171;0;0.698191;0
0.575656;0.821535;0.305654;1;0.890116;0.997368;0.218238;0.954141;1
0.623404;0.898032;0.47001;1;0.804286;0.99;0.167243;0.997994;0
0;0.922356;0.407574;1;0.606951;0.673171;0;0.701245;0
0.56378;0.811991;0.277077;1;0.797616;0.997368;0.194406;0.975433;1
0.629237;0.892668;0.491411;1;0.776515;1;0.175377;0.999205;0
0.567517;0.820722;0.291787;1;0.874675;0.994737;0.213253;0.982257;1
0.621387;0.884739;0.462148;1;0.804949;1;0.167112;0.997654;0
0;0.913871;0.429174;1;0;0.699386;0;0.750659;0
0.572338;0.82886;0.280107;1;0.878051;1;0.212325;0.966485;1
0.621457;0.886708;0.451155;1;0.804949;0.996479;0.170099;0.995307;0
0;0.919006;0.405451;1;0;0.673171;0;0.699377;0
0.567719;0.786197;0.302193;1;0.893318;1;0.2045;0.985037;1
0.627774;0.877324;0.481417;1;0.804949;0.996479;0.165706;0.996897;0
0;0.913551;0.42269;1;0;0.68125;0;0.741848;0
0.577127;0.847385;0.307221;1;0.871262;1;0.201903;0.952091;1
0.625577;0.896855;0.473609;1;0.784073;0.992754;0.170516;0.998852;0
0.56933;0.821604;0.285415;1;0.797616;1;0.200242;0.983338;1
0.625686;0.89679;0.461701;1;0.804949;1;0.168393;0.998056;0
0;0.924075;0.407788;1;0;0.715789;0;0.754787;0
0.560372;0.793607;0.265449;1;0.817412;0.992021;0.21223;0.992664;1
0.624028;0.887226;0.476457;1;0.804949;0.996479;0.17501;0.999219;0
0;0.902118;0.414665;1;0;0.689441;0;0.738895;0
0.570668;0.826225;0.292043;1;0.874675;0.997368;0.216276;0.988446;1
0.613561;0.875235;0.456855;1;0.780647;1;0.165351;0.998093;0
0;0.918408;0.403942;1;0;0.676328;0;0.705469;0
0.569001;0.807859;0.289718;1;0.871262;0.997368;0.213524;0.972084;1
0.609282;0.865321;0.446076;1;0.77996;1;0.162991;0.998845;0
0;0.904596;0.384408;1;0;0.71519;0;0.753073;0
0.566017;0.813769;0.269484;1;0.874675;0.976064;0.209116;0.98693;1
0.621265;0.880625;0.480887;1;0.772363;0.996047;0.171625;0.997622;0
0;0.919767;0.39689;1;0;0.673171;0;0.701245;0
0.567974;0.811542;0.279934;1;0.821291;0.992021;0.196576;0.989368;1
0.626554;0.885918;0.481668;1;0.804949;0.985185;0.17264;0.997273;0
0;0.912401;0.416235;1;0;0.7125;0;0.760905;0
0.572276;0.825257;0.304615;1;0.821291;0.978723;0.197166;0.981455;1
0;0.527824;0;0;0;0.24625;0.000565504;0.350648;0
0.621369;0.885872;0.471687;1;0.804287;0.996226;0.170611;0.998467;0
0;0.894488;0.429535;1;0;0.721519;0;0.751416;0
0.228847;0.248423;0.154734;1;4.66E-031;0.993348;0.106386;0.920556;0
0.868161;0.761462;0;1;0.936833;0.995025;0.123918;0.982683;1
0.307637;0.126639;0.140069;1;3.96E-031;1;0.10386;0.850956;0
0.221615;0.235511;0;1;4.66E-031;0.993274;0.103699;0.890799;0
0.866991;0.816389;0;1;0.922654;1;0.151761;0.982282;1
0;0.597313;0;1;4.00E-017;0.62201;0.126108;0.458264;0
0.230092;0.302582;0;1;5.09E-031;0.991131;0.110577;0.896455;0
0.865138;0.70638;0;1;0.936833;1;0.157177;0.973406;1
0.309072;0.228581;0;1;4.33E-031;0.984716;0.117674;0.845126;0
0.23788;0.212622;0.161402;1;5.09E-031;0.964602;0.113945;0.920281;0
0.870237;0.821835;0;1;0.936833;1;0.150586;0.975;1
0;0.756105;0;1;3.41E-018;0.646766;0.126706;0.602529;0
0.220866;0.251207;0;1;3.62E-031;0.991011;0.115286;0.911089;0
0.307702;0.131161;0;1;4.33E-031;0.978166;0.108125;0.85097;0
0.859834;0.831419;0;1;0.962562;0.985148;0.139971;0.982763;1
0.231665;0.259413;0.143733;1;4.73E-031;0.995565;0.103009;0.905744;0
0.865729;0.807786;0;1;0.939348;1;0.150083;0.979893;1
0.312189;0.117298;0.142938;1;4.33E-031;1;0.103792;0.850905;0
0.228328;0.172698;0;1;3.62E-031;1;0.110661;0.906273;0
0.309718;0.0175606;0;1;4.73E-031;0.980349;0.111265;0.852524;0
0.86538;0.748736;0;1;0.949708;0.985148;0.158953;0.971614;1
0.232936;0.288024;0;1;4.66E-031;0.991131;0.10131;0.912811;0
0.313892;0.204751;0;1;3.96E-031;0.980349;0.104055;0.856843;0
0.866672;0.865394;0;1;0.951972;0.980198;0.137652;0.980774;1
0.22601;0.280064;0.149196;1;3.96E-031;0.984375;0.109248;0.895559;0
0.87204;0.828031;0;1;0.949708;0.974874;0.148526;0.984679;1
0.317384;0.242998;0;1;3.96E-031;0.9869;0.112064;0.853992;0
0.228186;0.334815;0;1;4.66E-031;0.995565;0.106383;0.892988;0
0.313346;0.281414;0;1;4.33E-031;0.9869;0.117448;0.851374;0
0.867711;0.88877;0;1;0.949708;1;0.153619;0.990524;1
0.23433;0.281792;0.164592;1;3.96E-031;1;0.113788;0.920635;0
0.865978;0.847483;0;1;0.936833;0.997525;0.15221;0.990216;1
0.314136;0.180322;0.153268;1;4.33E-031;0.99345;0.109779;0.852966;0
0.233266;0.305963;0;1;3.96E-031;1;0.116589;0.927652;0
0;0.588522;0;1;3.07E-033;0.808036;0.143376;0.539202;0
0.868688;0.767961;0;1;0.936833;0.957921;0.126337;0.984815;1
0.232273;0.324457;0.146874;1;4.33E-031;0.997783;0.111227;0.907246;0
0.865081;0.841124;0;1;0.936833;1;0.151476;0.988092;1
0.31312;0.23853;0.148837;1;4.33E-031;0.9869;0.112921;0.847472;0
0.232334;0.328555;0.146448;1;4.66E-031;0.98;0.111028;0.914286;0
0.87009;0.850195;0;1;0.949708;0.997525;0.151374;0.985697;1
0.313037;0.22288;0;1;4.73E-031;1;0.110957;0.848139;0
0.229482;0.293328;0;1;3.96E-031;0.993348;0.105373;0.912034;0
0.312691;0.205027;0;1;4.33E-031;0.991266;0.108816;0.850125;0
0.863378;0.783297;0;1;0.949708;0.992574;0.155074;0.982456;1
0.237339;0.123889;0;1;3.96E-031;1;0.109221;0.916785;0
0.863781;0.769177;0;1;0.936833;0.99005;0.150091;0.98094;1
0;0.721906;0;1;2.56E-017;0.651741;0.122066;0.571059;0
0.234076;0.189395;0.152802;1;3.96E-031;0.997783;0.114953;0.921456;0
0.866692;0.884145;0;1;0.949708;0.995049;0.147971;0.98522;1
0.307625;0.0290699;0.147033;1;3.96E-031;0.989083;0.104607;0.858112;0
0.230786;0.264989;0;1;3.96E-031;0.997783;0.109488;0.894284;0
0.872802;0.912816;0;1;0.936833;0.984925;0.151809;0.982094;1
0;0.723211;0;1;2.73E-017;0.656716;0.13371;0.569659;0
0.222659;0.327801;0.145719;1;5.09E-031;0.98427;0.113966;0.909674;0
0.312124;0.215634;0;1;3.96E-031;0.984716;0.10733;0.853897;0
0.863768;0.74228;0;1;0.936833;0.990099;0.148629;0.985135;1
0.228916;0.329145;0.141333;1;5.09E-031;0.98;0.111844;0.908917;0
0.314823;0.208813;0;1;4.33E-031;0.9869;0.112248;0.854975;0
0.862579;0.829906;0;1;0.936833;0.997525;0.157145;0.985606;1
0.227822;0.257287;0;1;4.26E-031;0.988914;0.104469;0.898148;0
0.302873;0.208128;0;1;4.33E-031;0.984716;0.115479;0.856963;0
0.898186;0.783613;0;1;0.922654;0.987624;0.133188;0.910248;0
0.234408;0.241532;0;1;3.96E-031;0.986726;0.108333;0.913185;0
0.3137;0.13842;0;1;4.33E-031;1;0.107621;0.850838;0
0.865928;0.833574;0;1;0.949708;0.987624;0.136172;0.981203;1
0.233464;0.193568;0.155535;1;3.96E-031;0.993348;0.108064;0.90941;0
0.312168;0.0545427;0;1;4.33E-031;0.984716;0.111507;0.852188;0
0.867606;0.80308;0;1;0.949708;0.985148;0.151184;0.987113;1
0.219814;0.272944;0;1;3.62E-031;1;0.112521;0.917591;0
0;0.605357;0;1;5.30E-032;0.816964;0.147112;0.536421;0
0.858918;0.909648;0;1;0.949708;1;0.150906;0.993366;1
0.22451;0.278422;0.150469;1;3.96E-031;0.997783;0.108784;0.906199;0
0.310417;0.2209;0;1;4.33E-031;0.99345;0.109861;0.848188;0
0.864523;0.77046;0;1;0.949708;1;0.146676;0.990447;1
0.23315;0.270642;0.168079;1;4.33E-031;0.997783;0.103025;0.908579;0
0.306254;0.168107;0.154621;1;3.96E-031;0.984716;0.111845;0.85093;0
0.865395;0.881188;0;1;0.936833;0.987624;0.148948;0.979618;1
0.229646;0.28643;0;1;4.33E-031;1;0.0988795;0.900691;0
0.863391;0.887216;0;1;0.949708;0.987469;0.152742;0.989946;1
0;0.753356;0;1;2.40E-017;0.641791;0.125731;0.606377;0
0.230955;0.244994;0.149524;1;3.96E-031;0.997783;0.107593;0.896495;0
0.866814;0.758901;0;1;0.936833;1;0.147794;0.98601;1
0.311803;0.172208;0;1;3.96E-031;0.989059;0.111581;0.850963;0
0.225562;0.305741;0.158277;1;3.96E-031;0.995565;0.110209;0.911717;0
0.309508;0.226935;0.152274;1;3.96E-031;0.9869;0.110439;0.850155;0
0.859576;0.820916;0;1;0.936833;0.992574;0.152131;0.985729;1
0.236449;0.271188;0;1;4.66E-031;0.997783;0.105398;0.909387;0
0.862245;0.823604;0;1;0.936833;0.982587;0.136148;0.984695;1
0.313618;0.207164;0;1;3.96E-031;0.993435;0.110263;0.854846;0
0.235434;0.15952;0;1;4.33E-031;0.997783;0.114264;0.90873;0
0.873955;0.816417;0;1;0.936833;0.984925;0.154205;0.982361;1
0.308792;0.0279835;0;1;3.96E-031;0.989083;0.113331;0.860642;0
0.228636;0.280611;0;1;4.33E-031;1;0.105073;0.904208;0
0.306738;0.220333;0;1;3.96E-031;0.9869;0.104745;0.85623;0
0.875231;0.754481;0;1;0.908734;1;0.141897;0.931222;0
0.227659;0.279014;0.151301;1;4.33E-031;1;0.103485;0.890193;0
0.870505;0.808053;0;1;0.936833;0.972362;0.150842;0.983813;1
0;0.570592;0;1;4.77E-018;0.625;0.124373;0.452275;0
0.221798;0.262411;0;1;4.66E-031;1;0.110083;0.899277;0
0.85911;0.864735;0;1;0.936833;0.982587;0.149022;0.98367;1
0.309316;0.20038;0;1;4.33E-031;0.993435;0.117946;0.847228;0
0.229357;0.287355;0.143856;1;4.33E-031;0.973333;0.113174;0.908829;0
0.869787;0.699923;0;1;0.936833;0.995049;0.129571;0.985439;1
0.309275;0.20445;0.136739;1;3.96E-031;0.989083;0.112361;0.847003;0
0.212909;0.151255;0.230201;1;0.908392;0.982262;0.107454;5.09E-031;0
0.78076;0;0.868124;1;0.974654;1;0.149273;0.936833;1
0.134592;0.147022;0.316698;1;0.854491;1;0.110097;4.33E-031;0
0.32781;0.158954;0.230787;1;0.928825;0.986696;0.114966;4.66E-031;0
0.922745;0;0.861465;1;0.986626;0.990099;0.148283;0.936833;1
0.212622;0.161402;0.23788;1;0.920281;0.964602;0.113945;5.09E-031;0
0.821835;0;0.870237;1;0.975;1;0.150586;0.936833;1
0.756105;0;0;1;0.602529;0.646766;0.126706;3.41E-018;0
0.300979;0.14787;0.229474;1;0.897859;0.995565;0.103822;4.26E-031;0
0.20539;0;0.313123;1;0.851572;0.9869;0.106716;4.33E-031;0
0.795433;0;0.867734;1;0.972463;0.9875;0.140279;0.949708;1
0.355967;0.150167;0.226688;1;0.901117;0.993348;0.103972;4.73E-031;0
0.741031;0;0.870618;1;0.978744;0.977723;0.15242;0.949708;1
0.246097;0;0.310431;1;0.854701;0.980349;0.107313;4.33E-031;0
0.273534;0.148331;0.229749;1;0.916528;0.995556;0.113894;5.09E-031;0
0.78489;0;0.867597;1;0.973219;1;0.147368;0.936833;1
0.136538;0;0.309903;1;0.848654;0.984716;0.108016;4.33E-031;0
0.288024;0;0.232936;1;0.912811;0.991131;0.10131;4.66E-031;0
0.204751;0;0.313892;1;0.856843;0.980349;0.104055;3.96E-031;0
0.865394;0;0.866672;1;0.980774;0.980198;0.137652;0.951972;1
0.29259;0.15245;0.235127;1;0.91294;0.991131;0.115875;4.33E-031;0
0.734571;0;0.868457;1;0.978175;0.962871;0.154614;0.936833;1
0.232065;0.14966;0.3117;1;0.852973;0.954048;0.116122;3.96E-031;0
0.304362;0;0.22454;1;0.909998;0.993289;0.103231;4.33E-031;0
0.245143;0;0.313719;1;0.853869;0.984716;0.104345;3.96E-031;0
0.859636;0;0.865094;1;0.98235;0.985148;0.146172;0.936833;1
0.269921;0.147644;0.230208;1;0.907308;0.991131;0.105224;4.33E-031;0
0.20453;0;0.308573;1;0.848235;1;0.108384;4.33E-031;0
0.870432;0;0.864761;1;0.984171;0.985148;0.149844;0.934272;1
0.233654;0.151788;0.228145;1;0.903437;0.98434;0.106981;5.09E-031;0
0.103449;0.138068;0.310318;1;0.850706;0.99345;0.104849;4.33E-031;0
0.816363;0;0.862847;1;0.980076;0.977723;0.147972;0.934272;1
0.213392;0.167811;0.227815;1;0.900988;0.991071;0.113287;3.96E-031;0
0.050491;0.157149;0.310185;1;0.8473;0.984716;0.107757;3.96E-031;0
0.847481;0;0.861474;1;0.987912;0.995049;0.153072;0.936833;1
0.321123;0.151913;0.234769;1;0.91189;0.995565;0.106367;4.33E-031;0
0.853864;0;0.866979;1;0.978761;0.992537;0.150397;0.922654;1
0.258489;0.147359;0.304213;1;0.847966;1;0.111808;4.33E-031;0
0.288565;0;0.233689;1;0.91519;0.997783;0.112204;4.33E-031;0
0.907072;0;0.868029;1;0.984903;1;0.125207;0.922654;1
0.22592;0;0.307955;1;0.845208;1;0.105598;3.96E-031;0
0.18442;0;0.232914;1;0.915309;0.973451;0.105516;4.33E-031;0
0.064814;0;0.313783;1;0.844979;0.991266;0.108415;3.96E-031;0
0.784135;0;0.860485;1;0.985294;0.967822;0.145405;0.936833;1
0.289287;0.158503;0.2301;1;0.91123;1;0.109591;3.96E-031;0
0.766593;0;0.872304;1;0.986365;0.982412;0.152946;0.936833;1
0.223342;0.155549;0.312084;1;0.859664;0.989083;0.114054;4.33E-031;0
0.28419;0.147182;0.230728;1;0.912624;1;0.1063;4.33E-031;0
0.234681;0;0.308177;1;0.866377;1;0.109028;4.33E-031;0
0.903445;0;0.857154;1;0.980877;0.987624;0.149175;0.922654;1
0.287036;0;0.233864;1;0.905268;1;0.109671;3.96E-031;0
0.187428;0;0.305945;1;0.853448;1;0.114799;4.33E-031;0
0.84073;0;0.866775;1;0.981955;0.997525;0.15067;0.936833;1
0.156053;0.158285;0.232182;1;0.912173;0.997783;0.112289;3.96E-031;0
0.00460869;0.150288;0.31405;1;0.854342;0.989083;0.111332;3.96E-031;0
0.87474;0;0.860378;1;0.988357;0.995049;0.157617;0.936833;1
0.251861;0.153165;0.22526;1;0.891479;0.991071;0.10429;4.33E-031;0
0.618656;0;0.865562;1;0.983129;0.985075;0.14963;0.922654;1
0.716167;0;0;1;0.568627;0.656716;0.118644;3.41E-018;0
0.2718;0.149215;0.233537;1;0.91159;1;0.109442;4.33E-031;0
0.165622;0;0.308271;1;0.85129;0.9869;0.103948;4.33E-031;0
0.682467;0;0.86496;1;0.988548;0.987562;0.154086;0.925409;1
0.156335;0.154438;0.228968;1;0.913186;0.982262;0.114582;4.33E-031;0
0.756444;0;0.872447;1;0.985861;0.989873;0.152166;0.934272;1
0;0.139872;0.308779;1;0.85476;0.989083;0.115942;4.33E-031;0
0.380084;0;0.23239;1;0.899607;0.991071;0.113244;4.33E-031;0
0.745423;0;0.859374;1;0.983675;0.987562;0.15221;0.936833;1
0.312765;0;0.312197;1;0.847338;0.991266;0.117983;4.33E-031;0
0.182345;0.1562;0.226393;1;0.900023;0.995565;0.0970637;4.33E-031;0
0.75508;0;0.862729;1;0.977708;0.99005;0.126845;0.936833;1
0.103484;0.14399;0.312711;1;0.848017;0.984716;0.108274;3.96E-031;0
0.294818;0;0.226348;1;0.913248;0.995506;0.117638;3.62E-031;0
0.707286;0;0.862811;1;0.98431;1;0.152842;0.922654;1
0.237091;0.147777;0.312532;1;0.852459;0.989083;0.112795;3.96E-031;0
0.343146;0;0.232546;1;0.913867;0.995565;0.109556;3.96E-031;0
0.22643;0;0.313116;1;0.858616;0.991266;0.106285;4.33E-031;0
0.838878;0;0.858566;1;0.988628;1;0.154506;0.936833;1
0.284355;0.162615;0.234155;1;0.920245;0.995565;0.109603;3.96E-031;0
0.844938;0;0.869818;1;0.987842;1;0.152847;0.936833;1
0.201929;0.157146;0.312077;1;0.8491;0.984716;0.108961;4.33E-031;0
0.294588;0.149691;0.239633;1;0.913688;0.995565;0.110132;4.26E-031;0
0.212443;0.153453;0.319573;1;0.854815;0.99345;0.108686;4.33E-031;0
0.843091;0;0.866742;1;0.983871;0.995049;0.131078;0.936833;1
0.324457;0.146874;0.232273;1;0.907246;0.997783;0.111227;4.33E-031;0
0.841124;0;0.865081;1;0.988092;1;0.151476;0.936833;1
0.23853;0.148837;0.31312;1;0.847472;0.9869;0.112921;4.33E-031;0
0.328555;0.146448;0.232334;1;0.914286;0.98;0.111028;4.66E-031;0
0.850195;0;0.87009;1;0.985697;0.997525;0.151374;0.949708;1
0.22288;0;0.313037;1;0.848139;1;0.110957;4.73E-031;0
0.265708;0.157709;0.232965;1;0.905082;1;0.112735;4.33E-031;0
0.873605;0;0.868692;1;0.980699;1;0.145753;0.936833;1
0.571031;0;0;1;0.471805;0.800926;0.130228;5.30E-032;0
0.260292;0;0.241642;1;0.914819;0.997783;0.113831;3.96E-031;0
0.848878;0;0.874098;1;0.983182;0.989873;0.146196;0.936833;1
0.172254;0;0.316122;1;0.854839;0.99345;0.113839;4.33E-031;0
0.245359;0.139343;0.226338;1;0.89526;0.993348;0.103188;4.33E-031;0
0.771724;0;0.871884;1;0.982011;0.982412;0.151143;0.949708;1
0.189616;0;0.316424;1;0.853921;0.982533;0.110263;3.96E-031;0
0.2975;0.143569;0.232697;1;0.911744;0.995565;0.10925;4.26E-031;0
0.248309;0.140181;0.314148;1;0.861722;0.984716;0.113975;3.96E-031;0
0.905345;0;0.857623;1;0.990508;0.957921;0.149792;0.951972;1
0.117588;0;0.231009;1;0.908431;1;0.113882;4.73E-031;0
0;0;0.313547;1;0.851796;1;0.112975;3.96E-031;0
0.824134;0;0.864807;1;0.991978;1;0.151376;0.949708;1
0.217124;0;0.236068;1;0.910943;0.997783;0.111277;4.73E-031;0
0.835349;0;0.87417;1;0.982632;0.992462;0.147559;0.922654;1
0.154765;0;0.311528;1;0.865643;0.984716;0.106487;4.33E-031;0
0.157953;0.151541;0.233131;1;0.906446;0.991131;0.101098;4.33E-031;0
0.0106058;0.146892;0.31101;1;0.847059;0.989083;0.1047;4.33E-031;0
0.843384;0;0.866812;1;0.985996;1;0.14136;0.949708;1
0.237761;0.149585;0.230762;1;0.901563;0.997783;0.114776;4.73E-031;0
0.712718;0;0.865162;1;0.985905;0.982587;0.147834;0.922654;1
0.164528;0;0.306385;1;0.853034;0.989083;0.116404;4.33E-031;0
0.192442;0.149151;0.235169;1;0.910659;0.997783;0.111575;4.33E-031;0
0.0520403;0;0.308738;1;0.857083;0.989083;0.108815;3.96E-031;0
0.846813;0;0.861905;1;0.983321;0.990099;0.142649;0.949708;1
0.298885;0.152237;0.227031;1;0.906011;0.993348;0.105049;4.66E-031;0
0.233352;0.143546;0.312398;1;0.852759;0.964989;0.109526;4.33E-031;0
0.762434;0;0.86399;1;0.989204;0.992574;0.153043;0.939348;1
0.285671;0.154014;0.232119;1;0.914732;0.997783;0.111128;3.96E-031;0
0.914219;0;0.874932;1;0.989981;0.977387;0.153875;0.949708;1
0.207647;0;0.310314;1;0.852855;0.986871;0.10701;4.33E-031;0
0.277183;0.152436;0.227158;1;0.90474;0.997783;0.111545;4.33E-031;0
0.899573;0;0.864126;1;0.988889;0.997525;0.14656;0.939348;1
0.183235;0.144853;0.308796;1;0.861526;0.989083;0.112506;4.33E-031;0
0.312408;0;0.225135;1;0.915451;0.995506;0.106354;3.62E-031;0
0.21859;0.148515;0.312871;1;0.858251;0.982533;0.102867;4.33E-031;0
0.809615;0;0.867091;1;0.976785;0.945545;0.140622;0.949708;1
0.273816;0.150519;0.23012;1;0.910659;0.997783;0.116192;5.09E-031;0
0.703344;0;0.871099;1;0.982904;0.972362;0.157188;0.934272;1
0.1607;0.148891;0.310141;1;0.849219;0.984716;0.1099;4.33E-031;0
0.275011;0.152668;0.225016;1;0.914013;0.986425;0.110762;3.36E-031;0
0.188835;0;0.308827;1;0.845849;0.995624;0.111094;4.33E-031;0
0.691525;0;0.8665;1;0.976954;0.982673;0.155315;0.949708;1
0.29601;0.149246;0.232853;1;0.913084;0.986696;0.117242;4.66E-031;0
0.800313;0;0.866867;1;0.974433;0.995012;0.151069;0.939348;1
0.226618;0;0.31438;1;0.856092;0.9869;0.112217;4.33E-031;0
0.259638;0.147844;0.233165;1;0.934371;0.982262;0.120106;4.26E-031;0
0.735573;0;0.869678;1;0.978118;0.982412;0.142619;0.936833;1
0.110523;0;0.307844;1;0.845748;1;0.107281;3.96E-031;0
0.28078;0.150415;0.232541;1;0.905352;0.995565;0.105926;4.66E-031;0
0.867413;0;0.873428;1;0.974295;0.974684;0.156028;0.919856;1
0.179997;0;0.304008;1;0.85227;0.9869;0.106403;4.33E-031;0
0.259604;0.58253;0.322587;1;9.56E-012;1;0.22311;0.796121;0
0.526057;0.892083;0.267513;1;0.902177;1;0.153135;0.962649;1
0.122777;0.837439;0.42113;1;2.95E-012;0.779279;0.162142;0.79682;0
0.268653;0.467099;0.337629;1;2.41E-011;1;0.217811;0.789474;0
0.522472;0.892262;0.270776;1;0.904721;0.997368;0.150284;0.95264;1
0.121401;0.650387;0.432416;1;8.00E-012;0.690972;0.163342;0.757883;0
0.262544;0.579664;0.319461;1;9.14E-012;1;0.228587;0.789548;0
0.524225;0.830805;0.259058;1;0.901665;1;0.149657;0.965903;1
0.122355;0.83626;0.4284;1;3.21E-012;0.690972;0.173144;0.763409;0
0.256477;0.472913;0.343469;1;1.92E-011;0.983936;0.220723;0.783544;0
0.522326;0.886773;0.25242;1;0.883598;1;0.152242;0.96457;1
0.126975;0.641953;0.427796;1;6.82E-012;0.690972;0.159786;0.754159;0
0.256668;0.570106;0.330642;1;1.92E-011;0.996;0.236548;0.795804;0
0.524956;0.892289;0.267295;1;0.886332;0.994737;0.145343;0.946419;1
0.116128;0.847006;0.434037;1;6.70E-012;0.690972;0.181291;0.754206;0
0.284418;0.454981;0.306531;1;1.82E-011;0.995968;0.214626;0.789296;0
0.51979;0.886312;0.244869;1;0.886332;0.997368;0.150844;0.955801;1
0.125463;0.64236;0.410378;1;6.85E-012;0.693662;0.158405;0.748798;0
0.297537;0.505304;0.298207;1;8.30E-012;0.859649;0.248201;0.751374;0
0.519412;0.825195;0.271904;1;0.907737;1;0.145049;0.958023;1
0.137077;0.526359;0.45949;1;7.16E-012;0.690972;0.177727;0.756206;0
0.266696;0.559913;0.333408;1;7.85E-012;0.975904;0.233106;0.81181;0
0.521081;0.887529;0.262769;1;0.895431;1;0.151179;0.959318;1
0.127413;0.829869;0.418706;1;2.82E-012;0.690972;0.168607;0.752069;0
0.277183;0.641015;0.335335;1;2.10E-011;0.987755;0.217672;0.774613;0
0.531608;0.838407;0.280035;1;0.892787;0.997368;0.142149;0.954924;1
0.134471;0.691062;0.447087;1;1.78E-011;0.690972;0.157031;0.756439;0
0.260048;0.57193;0.329552;1;2.01E-011;0.987755;0.218547;0.77546;0
0.522629;0.885456;0.283043;1;0.892787;0.994737;0.148011;0.955806;1
0.131806;0.837123;0.43035;1;1.74E-011;0.690972;0.158701;0.750284;0
0.266608;0.581883;0.310538;1;1.82E-011;0.979592;0.233836;0.778222;0
0.525596;0.891545;0.278099;1;0.905227;1;0.152502;0.960295;1
0.130636;0.826013;0.428285;1;7.13E-012;0.681507;0.173228;0.726462;0
0.268415;0.475818;0.323304;1;8.28E-012;0.991968;0.21521;0.787652;0
0.520115;0.88615;0.27671;1;0.907737;1;0.146711;0.960752;1
0.128107;0.654023;0.420682;1;2.84E-012;0.690972;0.161544;0.755748;0
0;0.118108;0.159299;1;0.328929;0.948529;0.199111;0.842543;0
0.434104;0.797843;0.21169;1;0.788843;0.97093;0.1359;0.981656;1
0;0.0989221;0.183948;1;0.362289;0.945652;0.204958;0.846215;0
0.436534;0.816179;0.207668;1;0.777206;0.944954;0.132612;0.978145;1
0;0.0688865;0.184773;1;0.313202;0.918819;0.187299;0.788462;0
0.428726;0.800408;0.211752;1;0.815462;0.947674;0.134378;0.967952;1
0;0;0;1;0.739151;0.410646;0.236819;0.560268;0
0;0.0594995;0.160365;1;0.323436;0.925373;0.193116;0.810345;0
0.434361;0.802241;0.194503;1;0.788843;0.959302;0.132203;0.969697;1
0;0;0;1;0;0;0.266741;0;0
0;0.0995352;0.15022;1;0.318597;0.932836;0.191377;0.831536;0
0.43288;0.797107;0.199481;1;0.788843;0.976471;0.124364;0.973561;1
0;0;0;1;0.934942;0.424908;0.11997;0.461625;0
0;0.109581;0.166377;1;0.307859;0.934307;0.193492;0.846559;0
0.446967;0.837253;0.225251;1;0.780647;0.981308;0.137391;0.96927;1
0.447579;0.726614;0.228;1;0.786121;0.958824;0.141444;0.973232;1
0.439849;0.830304;0.205371;1;0.786121;0.952941;0.139735;0.96733;1
0.42995;0.808976;0.214588;1;0.786121;0.952941;0.138496;0.971488;1
0.434115;0.700548;0.198451;1;0.786121;0.947059;0.136519;0.969588;1
0;0.0671534;0.187717;1;0.296754;0.911111;0.188235;0.808502;0
0.429704;0.802491;0.221849;1;0.791554;0.930233;0.129432;0.946162;1
0;0;0;1;0.702718;0.511013;0.00929615;0.378953;0
0;0.0892618;0.166726;1;0.296754;0.963504;0.197096;0.818586;0
0.431603;0.809052;0.224364;1;0.823861;0.919075;0.137079;0.948156;1
0;0;0;1;0;0.47807;0.0804521;0.463099;0
0;0.123016;0.152721;1;0.29215;0.981685;0.194783;0.841614;0
0;0;0;1;0.719573;0.461207;0.0316712;0.426646;0
0.441109;0.815231;0.205742;1;0.785439;0.923529;0.135089;0.95387;1
0;0.098537;0.139601;1;0.268138;0.872659;0.191216;0.822756;0
0.429639;0.807249;0.220846;1;0.81806;0.936047;0.1318;0.9565;1
0;0.0928838;0.165252;1;0.301985;0.889706;0.202918;0.834238;0
0.45288;0.831676;0.228827;1;0.780647;0.9375;0.137471;0.959859;0
0;0;0;1;0;0.504386;0.0350404;0.405571;0
0.437292;0.809153;0.220856;1;0.786121;0.958824;0.140171;0.967576;1
0;0.0741693;0.139703;1;0.312606;0.941176;0.187642;0.835912;0
0.434808;0.807251;0.196743;1;0.774442;0.963303;0.135823;0.947779;1
0.438658;0.821763;0.173393;1;0.818708;0.947059;0.138462;0.971179;1
0;0.124885;0.149794;1;0.281386;0.963636;0.20131;0.839257;0
0.422011;0.695051;0.180211;1;0.809572;0.953488;0.133889;0.967726;1
0.432897;0.807038;0.202358;1;0.782705;0.964706;0.138889;0.965874;1
0;0.0773433;0.138246;1;0.312606;0.9375;0.192636;0.837449;0
0.438123;0.81505;0.171225;1;0.792231;0.952941;0.140011;0.971149;1
0.436095;0.810497;0.195117;1;0.792231;0.917647;0.142857;0.970634;1
0;0;0;1;0.0317512;0.528037;0.0883219;0.349558;0
0;0;0;1;0;0.534979;0.111316;0.395998;0
0;0.0808526;0.151201;1;0.307269;0.947761;0.197435;0.824698;0
0.430512;0.813274;0.194602;1;0.786121;0.941176;0.139363;0.96126;1
0;0.0856969;0.136568;1;0.307269;0.937729;0.188997;0.850934;0
0.428276;0.807562;0.206535;1;0.792231;0.964706;0.134844;0.979307;1
0.308599;0.534585;0;0;7.31E-006;0.277027;0.213735;0.274815;0
0;0.179417;0.170521;1;0;0.33913;0.174681;0.293964;0
0;0.0957183;0.163295;1;0.313202;0.912088;0.196801;0.840016;0
0.43881;0.723559;0.183493;1;0.792231;0.958824;0.137791;0.978261;1
0;0.117236;0.130528;1;0.301985;0.96;0.19914;0.860692;0
0.431104;0.823073;0.220952;1;0.786121;0.970588;0.135351;0.973806;1
0;0.0842384;0.149375;1;0.307269;0.94403;0.204505;0.840281;0
0.430901;0.712585;0.184917;1;0.792231;0.970588;0.138665;0.969388;1
0.336721;0.511167;0;1;0.000556808;0.403061;0.225845;0.317497;0
0;0.451077;0.176897;1;0;0.402332;0.116686;0.392917;0
0.430121;0.705891;0.169167;1;0.788843;0.970588;0.138761;0.983112;1
0.334928;0.524092;0;1;0.000276991;0.414815;0.236298;0.298719;0
0;0.369967;0.162837;1;0;0.424856;0.144983;0.362213;0
0;0.0848218;0.139448;1;0.328929;0.936567;0.201056;0.834681;0
0.432158;0.816006;0.192277;1;0.770974;0.949309;0.134243;0.980798;1
0.349391;0.394509;0;1;0.0011516;0.370757;0.206408;0.293756;0
0;0.0634536;0.123488;1;0.317995;0.895522;0.191964;0.833406;0
0.439314;0.824715;0.192156;1;0.768886;0.926606;0.133678;0.980704;1
0.118174;0;0.135012;1;0.224839;1;0.223077;0.960684;0
0.400189;0;0.245159;1;0.802292;0.779141;0.220074;0.609893;0
0.446932;0.814266;0.202383;1;0.807595;0.972222;0.134857;0.97931;1
0.0951363;0.32766;0.145028;1;0.290658;1;0.228056;0.94733;0
0.438138;0.812077;0.194865;1;0.792231;0.97093;0.137599;0.976721;1
0.43781;0.812552;0.187686;1;0.780647;0.95082;0.134085;0.975775;0
0.417225;0.430391;0;1;0.0163281;0.489914;0.2096;0.331972;0
0;0.0489871;0.171747;1;0.307269;0.932836;0.180209;0.803571;0
0.439332;0.82451;0.21233;1;0.792231;0.970588;0.132227;0.981548;1
0;0.0657694;0.162603;1;0.313202;0.956364;0.179057;0.840856;0
0.434262;0.815421;0.205202;1;0.792231;0.952941;0.139785;0.973589;1
0;0.0680653;0.135651;1;0.312606;0.936567;0.197643;0.815962;0
0.424687;0.801712;0.191429;1;0.773056;0.968468;0.136161;0.959089;1
0;0;0;0;0;0;0.0849681;0;0
0;0;0;1;0;0;0.12212;0;0
0.128989;0.283278;0;1;7.25E-012;0.997067;0.234508;0.910758;0
0.445243;0.870364;0;1;0.825142;1;0.146382;0.989216;1
0.414296;0.814191;0.172226;1;0.000718018;0.522321;0.285592;0.330214;0
0;0.517984;0;1;0;0.587838;0.180848;0.383076;0
0.148992;0.37881;0;1;2.61E-012;0.970149;0.231426;0.925318;0
0.449277;0.873772;0;1;0.829599;0.994792;0.14745;0.986509;1
0.411534;0.809358;0.114293;1;0.000800693;0.531818;0.297046;0.340621;0
0;0.534804;0;1;0.000309608;0.561873;0.173678;0.382788;0
0;0;0;1;0;0;0;0;0
0.138172;0.283369;0;1;2.27E-012;0.996997;0.241418;0.923701;0
0.438328;0.84542;0;1;0.850059;0.989637;0.143276;0.986195;1
0.426546;0.814377;0;1;0.000800693;0.536364;0.308547;0.337055;0
0;0.493602;0;1;6.18E-005;0.587838;0.163097;0.369398;0
0;0;0;1;0;0;0;0;0
0.137532;0.282602;0;1;1.78E-011;0.98209;0.237131;0.907189;0
0.449979;0.867485;0;1;0.837769;0.979675;0.146516;0.977896;1
0.408057;0.810495;0.123553;1;0.00104523;0.504545;0.299089;0.320917;0
0;0.538411;0;1;0;0.587838;0.154798;0.378178;0
0.12251;0.495761;0;1;1.78E-011;0.982036;0.237918;0.920339;0
0.448192;0.866261;0;1;0.841493;0.989583;0.140277;0.9677;1
0.422555;0.806688;0.132269;1;0.000855263;0.504545;0.29024;0.335889;0
0;0.4922;0;1;0;0.616667;0.154189;0.397812;0
0.127792;0.313426;0;1;6.39E-012;0.991071;0.252137;0.906439;0
0.444882;0.86146;0;1;0.811542;0.984211;0.143038;0.941361;1
0.416966;0.792785;0.130107;1;0.000883826;0.504545;0.311847;0.32921;0
0;0.584207;0;1;0;0.584459;0.162105;0.384294;0
0.12156;0.273088;0;1;1.79E-011;0.988095;0.240621;0.895533;0
0.446106;0.86506;0;1;0.837769;0.97561;0.143876;0.968046;1
0.414858;0.806708;0.142822;1;0.00135756;0.490909;0.31058;0.344514;0
0;0.579998;0;1;0.000402635;0.564189;0.157466;0.388529;0
0;0;0;1;0;0;0;0;0
0.133624;0.306158;0;1;6.39E-012;0.99115;0.240439;0.925902;0
0.443965;0.874475;0;1;0.813505;1;0.148274;0.978387;1
0.410001;0.819802;0;1;0.00140136;0.540179;0.319292;0.355601;0
0;0.546896;0;1;0.977908;0.591216;0.177444;0.384824;0
0.138124;0.300069;0;1;7.25E-012;0.970588;0.241737;0.927019;0
0.447618;0.860039;0;1;0.860223;0.979339;0.146919;0.974456;1
0.411401;0.824091;0.129216;1;0.00132102;0.53125;0.301415;0.309264;0
0;0.547716;0;1;0.000116475;0.60473;0.161948;0.385949;0
0;0.730115;0;1;0;0.572222;0;0.595068;0
0.136728;0.297571;0;1;6.39E-012;0.994048;0.244114;0.921903;0
0.441592;0.863255;0;1;0.837146;0.989583;0.142439;0.960156;1
0.401546;0.80582;0.13338;1;0.00132102;0.513393;0.290108;0.317872;0
0;0.518235;0;1;0;0.621711;0.162523;0.363783;0
0;0.701665;0;1;0;0.586592;0;0.598345;0
0.134526;0.298379;0;1;1.81E-011;0.988338;0.237844;0.920722;0
0.439444;0.864458;0;1;0.841493;0.973958;0.142977;0.949677;1
0.407889;0.815763;0.143423;1;0.0011254;0.513393;0.296849;0.317157;0
0;0.549323;0;1;0;0.613333;0.1461;0.385553;0
0;0.845538;0;1;0;0.57377;0;0.589649;0
0.139864;0.301001;0;1;6.45E-012;0.991124;0.241153;0.915651;0
0.438138;0.870104;0;1;0.841493;0.973958;0.140234;0.945384;1
0.416965;0.83374;0.0995617;1;0.0011254;0.513393;0.304681;0.321954;0
0;0.546778;0;1;0.00011561;0.601351;0.184051;0.386416;0
0;0;0;1;0;0;0;0;0
0.138339;0.275682;0;1;1.67E-011;0.978979;0.235784;0.899102;0
0.433341;0.85112;0;1;0.813505;0.988971;0.147603;0.984;1
0.361111;0.764276;0.136484;1;0.0011254;0.486607;0.309783;0.3063;0
0;0.534346;0;1;0;0.581081;0.165759;0.38093;0
0;0.87173;0;1;0;0.576087;0;0.632468;0
0.14281;0.268427;0;1;6.39E-012;0.979167;0.235933;0.905319;0
0.453959;0.870197;0;1;0.838392;0.992424;0.159387;0.963074;1
0.407563;0.809633;0.135954;1;0.00108965;0.504545;0.299663;0.337809;0
0;0.545469;0;1;0;0.594595;0.1446;0.382901;0
0;0;0;1;0;0;0;0;0
0.138919;0.28049;0;1;5.95E-012;0.98494;0.234175;0.905134;0
0.435139;0.855447;0;1;0.81806;0.992337;0.143745;0.974085;1
0.426875;0.823745;0.160505;1;0.00101657;0.490909;0.311688;0.339779;0
0;0.544826;0;1;9.15E-005;0.594595;0.176865;0.377281;0
0.559888;0.866538;0;1;0.898048;0.991525;0.136364;0.992806;0
0.438524;0.845813;0;1;0.845185;0.963918;0.141052;0.957854;1
0;0.861769;0;1;0;0.58011;0;0.567108;0
0.551484;0.856981;0;1;0.879726;0.994286;0.137147;0.987734;0
0.440357;0.821719;0;1;0.868391;0.988848;0.147259;0.965531;1
0;0.882497;0;1;0;0.578431;0;0.583747;0
0.551649;0.861308;0;1;0.876368;1;0.136646;0.986975;0
0.442681;0.857954;0;1;0.845185;0.948454;0.145349;0.974102;1
0;0.875299;0;1;0;0.566327;0;0.573245;0
0.552961;0.859774;0;1;0.876368;0.997183;0.139642;0.993538;0
0.446077;0.863308;0;1;0.840874;0.989583;0.147914;0.943777;1
0;0.880378;0;1;0;0.578431;0;0.584171;0
0.552921;0.858873;0;1;0.879726;0.997183;0.13809;0.990657;0
0.445867;0.863056;0;1;0.864331;0.994737;0.146144;0.960637;1
0;0;0;1;0;0;0;0;0
0.55273;0.861031;0;1;0.853076;1;0.139171;0.993245;0
0.433424;0.848181;0;1;0.845185;0.958763;0.141517;0.962128;1
0;0.852405;0;1;0;0.562189;0;0.565469;0
0.558747;0.870238;0;1;0.856666;0.997175;0.140037;0.982648;0
0.444975;0.859388;0;1;0.849452;0.951417;0.13732;0.986037;1
0.555086;0.863765;0;1;0.879726;0.997207;0.143583;0.987457;0
0.462342;0.855502;0.130006;1;0.868967;0.996047;0.14979;0.977102;1
0;0;0;1;0;0;0;0;0
0.555595;0.866012;0;1;0.879726;1;0.138895;0.987928;0
0.442042;0.86332;0;1;0.849452;0.974227;0.142857;0.967742;1
0.556361;0.863617;0;1;0.883598;0.980337;0.145038;0.948221;0
0.434743;0.845371;0.122494;1;0.85607;0.973913;0.139535;0.98247;1
0;0.873397;0;1;0;0.582418;0;0.570342;0
0.550439;0.873937;0;1;0.879726;0.994334;0.139953;0.986372;0
0.43304;0.849608;0;1;0.868391;0.974227;0.139697;0.984302;1
0;0.863835;0;1;0;0.585492;0;0.591505;0
0.550241;0.871256;0;1;0.876368;1;0.139356;0.987237;0
0.431451;0.846121;0.126785;1;0.864331;0.958763;0.140695;0.979176;1
0.549608;0.871876;0;1;0.879726;0.994334;0.14013;0.98728;0
0.433601;0.695317;0.120518;1;0.868391;0.958763;0.142506;0.979202;1
0;0.886589;0;1;0;0.574163;0;0.581042;0
0.544975;0.860251;0;1;0.887419;0.991573;0.141079;0.990425;0
0.440075;0.855832;0.132141;1;0.864331;0.96875;0.143927;0.971653;1
0;0.893649;0;1;0;0.582011;0;0.574937;0
0.543288;0.861865;0;1;0.883598;0.988764;0.141079;0.98819;0
0.430536;0.846231;0.114496;1;0.864331;0.979381;0.144726;0.941752;1
0;0.883256;0;1;0;0.57561;0;0.546856;0
0.549294;0.870982;0;1;0.880283;0.980337;0.140367;0.982955;0
0.434913;0.851041;0.130081;1;0.864331;0.969072;0.141502;0.973087;1
0;0;0;1;0;0;0;0;0
0.543509;0.866121;0;1;0.880283;0.980337;0.143679;0.987532;0
0.429176;0.679758;0.111624;1;0.864331;0.969072;0.143453;0.967554;1
0.231242;0;0.176327;1;0.774442;0.475524;0.056866;0.477625;0
0;0.713661;0;1;0;0.565854;0;0.555145;0
0.555994;0.856096;0;1;0.880283;0.957865;0.140536;0.978079;0
0.437195;0.740296;0.144134;1;0.860223;0.977273;0.13961;0.975803;1
0;0.871057;0;1;0;0.579235;0;0.585133;0
0.576724;0.852858;0;1;0.875804;0.988701;0.14191;0.990467;0
0.459409;0.713326;0.135599;1;0.864331;0.969388;0.142511;0.967382;1
0.204729;0;0.221001;1;0.796273;0.53629;0.0117793;0.511077;0
0;0.838956;0;1;0;0.608696;0;0.626989;0
0.583881;0.854764;0;1;0.880283;0.969101;0.144656;0.989039;0
0.483218;0.85457;0.140537;1;0.840874;0.96875;0.145274;0.980263;1
0;0.87257;0;1;0;0.582418;0;0.584391;0
0.586251;0.860158;0;1;0.872404;0.974576;0.146078;0.992511;0
0.47828;0.836272;0.115043;1;0.860223;0.981982;0.139384;0.972951;1
0;0;0;1;0;0;0;0;0
0.581284;0.86797;0;1;0.872404;0.954802;0.145611;0.986183;0
0.482548;0.851301;0.143663;1;0.868391;0.984536;0.13913;0.972723;1
0;0.869091;0;1;0;0.576923;0;0.571875;0
0.594946;0.855982;0.13381;1;0.876368;0.97191;0.144007;0.984635;0
0.486848;0.83235;0.141811;1;0.868391;0.979798;0.142281;0.979357;1
0.569283;0.86257;0.135417;1;0.880283;0.966292;0.143681;0.974801;0
0.468955;0.839016;0.134035;1;0.868391;0.979381;0.13711;0.938611;1
0;0.884248;0;1;0;0.586538;0;0.6;0
0.567023;0.857751;0;1;0.872404;0.966102;0.141903;0.9857;0
0.473234;0.85046;0.149473;1;0.868391;0.953608;0.13672;0.962979;1
0;0.857194;0;1;0;0.585635;0;0.594072;0
0.569398;0.85759;0;1;0.872404;0.966197;0.142989;0.98277;0
0.468812;0.851159;0.132668;1;0.840874;0.984536;0.140099;0.975084;1
0;0.88575;0;1;0;0.59322;0;0.627439;0
0.569555;0.855803;0;1;0.876368;0.972067;0.143284;0.985;0
0.476992;0.86246;0.137801;1;0.845185;0.973958;0.133306;0.983442;1
0;0.23499;0;1;0.685863;0.377522;0.161347;0.294574;0
0;0.871345;0;1;0;0.585635;0;0.586273;0
0.582745;0.881744;0.287633;1;0.874108;1;0.115014;0.996574;0
0.490712;0.539025;0.336749;1;0.831075;1;0.140402;1;1
0;0.0153846;0;1;0;0.253247;0.0139616;0.197802;0
0.587891;0.886566;0.30344;1;0.878051;1;0.112736;0.998221;0
0.499909;0.546941;0.370662;1;0.827693;1;0.140713;1;1
0.590517;0.886729;0.303355;1;0.874108;1;0.114189;0.997372;0
0.498243;0.513267;0.359537;1;0.999747;1;0.148513;1;1
0.585428;0.880356;0.294162;1;0.874108;1;0.112895;1;0
0;0;0;1;0;0.23445;0.0108011;0.230407;0
0.501538;0.583219;0.345474;1;0.839635;1;0.143145;0.999445;1
0.592119;0.883999;0.295566;1;0.875804;1;0.112845;0.996968;0
0.49906;0.591576;0.371464;1;0.864331;1;0.143492;1;1
0.587473;0.886378;0.283025;1;0.874108;1;0.112676;0.999783;0
0.502016;0.510388;0.380603;1;0.827693;1;0.147637;1;1
0.585789;0.877561;0.286687;1;0.872403;1;0.114613;0.996769;0
0.503798;0.559511;0.365162;1;0.833387;1;0.147278;1;1
0.587328;0.884438;0.278231;1;0.875804;1;0.115958;0.997404;0
0;0;0;1;0;0.173077;0.0202922;0.219446;0
0.500481;0.511565;0.367027;1;0.837769;1;0.144524;0.99944;1
0.589998;0.882201;0.297431;1;0.875804;1;0.113608;0.996598;0
0;0;0;1;0;0.242718;0.00668577;0.2426;0
0.495084;0.569718;0.333421;1;0.840255;1;0.145644;1;1
0.585694;0.87594;0.270611;1;0.874108;1;0.114492;0.999355;0
0.494808;0.518029;0.36162;1;0.827693;1;0.137655;0.999719;1
0.750998;0.92005;0;1;0.86433;0.982801;0.112119;0.942225;0
0.430216;0.65866;0;1;0.839014;0.813953;0.111183;0.727881;0
0.758557;0.913282;0;1;0.853676;0.977668;0.117463;0.936075;0
0.519675;0.883374;0;1;0.781334;1;0.192838;0.930257;1
0.753138;0.91486;0;1;0.845185;0.970516;0.116033;0.93893;0
0.527472;0.942507;0;1;0.793581;1;0.190769;0.9436;1
0.728817;0.913906;0;1;0.847629;0.965602;0.117678;0.935491;0
0.42344;0.633626;0;1;0.843958;0.748603;0.123604;0.693833;0
0.728014;0.922548;0;1;0.86433;0.962779;0.11952;0.929884;0
0.504395;0.852769;0;1;0.768886;1;0.196715;0.912153;1
0.724136;0.909768;0;1;0.866656;0.975186;0.115095;0.934149;0
0.506186;0.835969;0;1;0.766094;1;0.194878;0.917153;1
0.77864;0.920986;0;1;0.864331;0.970223;0.107451;0.927503;0
0.575671;0.89893;0.200555;1;0.779273;1;0.188705;0.958227;1
0;0.65088;0;1;0.903198;0.46371;0.0527842;0.454054;0
0.437046;0;0;1;0.0722387;0.660907;0.258183;0.310587;0
0.774259;0.924183;0.22537;1;0.873541;0.972772;0.12034;0.947189;0
0.56717;0.687464;0.298772;1;0.77996;1;0.194025;0.97276;1
0.364792;0;0;1;0.995379;0.769072;0.137242;0.380435;0
0.753962;0.931975;0.212277;1;0.853076;0.96798;0.121073;0.944894;0
0.441172;0.20574;0;1;0.825141;0.720779;0.181642;0.347761;0
0.558154;0.517627;0.284458;1;0.782019;1;0.194407;0.96768;1
0.742026;0.929196;0;1;0.828541;0.982673;0.124458;0.946433;0
0.542594;0.941937;0.184357;1;0.790877;1;0.185805;0.959644;1
0.736861;0.919101;0;1;0.830232;1;0.117392;0.952715;0
0.541232;0.939179;0.175931;1;0.773057;1;0.193309;0.963306;1
0.739893;0.920501;0;1;0.831812;0.982801;0.110879;0.932931;0
0.543369;0.88401;0;1;0.776516;1;0.191946;0.97141;1
0.740554;0.927684;0;1;0.850543;0.997543;0.117515;0.945155;0
0.542182;0.885752;0.17716;1;0.792906;1;0.202532;0.971468;1
0.737148;0.93361;0;1;0.835896;0.990099;0.120666;0.945778;0
0.561235;0.860706;0.228653;1;0.795602;1;0.195204;0.958873;1
0.735637;0.926553;0.194002;1;0.85607;0.997519;0.115713;0.940873;0
0.560912;0.885699;0.253422;1;0.792906;1;0.190635;0.966264;1
0.736174;0.928656;0.184158;1;0.851268;0.990172;0.123269;0.949512;0
0.556388;0.907191;0.258953;1;0.77996;1;0.190809;0.963754;1
0.724837;0.931148;0.201479;1;0.854196;0.97549;0.124166;0.953488;0
0.448747;0.441027;0;1;0.844572;0.754777;0.209312;0.268522;0
0.557583;0.778221;0.311111;1;0.774442;1;0.188825;0.965727;1
0.425414;0;0;1;0.811574;0.72043;0.189175;0.350503;0
0.734521;0.925678;0.224628;1;0.851268;0.9875;0.122028;0.94826;0
0.447355;0.327756;0;1;0.851872;0.690972;0.190759;0.336399;0
0.557549;0.73758;0.297426;1;0.7902;1;0.199599;0.967466;1
0.255785;0;0;1;0;0.311404;0.0955631;0.310847;0
0.400128;0;0;1;0.650049;0.631579;0.229413;0.372392;0
0.734254;0.940849;0.213292;1;0.850664;0.985294;0.122816;0.953218;0
0.407449;0;0;1;0.817412;0.662088;0.165926;0.336328;0
0.565284;0.756464;0.276624;1;0.796273;1;0.202689;0.974785;1
0.32323;0.178063;0;0;0.79842;0.484472;0.184116;0.404807;0
0.739213;0.935253;0.227266;1;0.852574;0.985112;0.122716;0.950567;0
0.559779;0.698174;0.300361;1;0.773057;1;0.185309;0.971595;1
0.404154;0;0;1;0.691615;0.603279;0.246442;0.347689;0
0.737496;0.932675;0.224422;1;0.872403;0.97549;0.119516;0.94869;0
0.414221;0;0;1;0.817412;0.671196;0.173139;0.354796;0
0.562794;0.824032;0.299057;1;0.773057;1;0.202757;0.971786;1
0.389032;0;0;1;0.845185;0.693182;0.241503;0.349593;0
0.738248;0.925963;0.212269;1;0.85793;0.990172;0.122701;0.955162;0
0.403572;0;0;1;0.818708;0.671196;0.156959;0.3366;0
0.569903;0.764781;0.290095;1;0.790877;1;0.186739;0.965284;1
0;0.588439;0;1;0.889579;0.399351;0.0715944;0.406771;0
0;0.429013;0;1;0.851189;0.275735;0.00651769;0.238583;0
0.410336;0;0;1;0.067603;0.551587;0.228747;0.29495;0
0.746962;0.924461;0.232803;1;0.846205;0.990099;0.124269;0.952669;0
0.57048;0.653763;0.305868;1;0.774556;0.958716;0.183146;0.957663;1
0.739411;0.935301;0.215716;1;0.866801;0.985294;0.12216;0.955169;0
0.565661;0.676582;0.280413;1;0.778669;0.958716;0.196065;0.963096;1
0.730066;0.928744;0.208426;1;0.856189;0.982843;0.11721;0.946939;0
0.561887;0.803652;0.243612;1;0.770365;0.958716;0.186716;0.95881;1
0.374617;0;0;1;0;0.269231;0.143093;0.158984;0
0.73394;0.923666;0.222557;1;0.868391;0.985294;0.116641;0.953443;0
0.562806;0.771493;0.296164;1;0.791554;1;0.197667;0.976827;1
0.725464;0.924373;0.213169;1;0.859085;0.968137;0.120519;0.946841;0
0.557369;0.742331;0.302961;1;0.781334;1;0.19579;0.964839;1
0.724772;0.93262;0.214352;1;0.867809;0.958333;0.119763;0.942895;0
0.557872;0.902149;0.29161;1;0.773929;0.967593;0.185285;0.965164;1
0.725799;0.931367;0.215409;1;0.861989;0.960784;0.119885;0.946479;0
0.557723;0.891542;0.316121;1;0.773057;1;0.179125;0.961896;1
0.25601;0;0.114942;0;0.864201;0.2784;0.111658;0.244992;0
0.680108;0.901482;0.150144;1;0.889579;1;0.108768;0.98312;0
0.516617;0.846608;0.22287;1;0.783389;1;0.0900735;0.992896;1
0.723769;0.925021;0.204817;1;0.870881;0.965602;0.119375;0.950466;0
0;0.206175;0;1;0;0.698565;0.208654;0.753747;0
0.556658;0.725948;0.297031;1;0.785439;1;0.198344;0.967434;1
0.407839;0;0;1;0.0633985;0.528626;0.230019;0.266101;0
0.732417;0.930223;0.197535;1;0.869925;0.970588;0.118339;0.941945;0
0.344999;0;0;1;0.806274;0.493124;0.139321;0.318401;0
0.572073;0.904969;0.270696;1;0.792906;1;0.176073;0.95836;1
0.389666;0;0;1;0.998469;0.628099;0.197275;0.343832;0
0.762768;0.924526;0.206997;1;0.861091;0.990099;0.120146;0.950444;0
0.460342;0;0;1;0.853076;0.743151;0.191729;0.392043;0
0.565021;0.679491;0.266608;1;0.768189;1;0.186587;0.971113;1
0.271288;0;0;1;0.749635;0.247619;0.0675563;0.29573;0
0.74649;0.940771;0.187312;1;0.8636;0.987715;0.121481;0.952771;0
0.56548;0.890028;0.270512;1;0.788843;1;0.189171;0.967185;1
0.741014;0.908283;0;1;0.864525;0.985112;0.111538;0.937542;0
0.558241;0.929188;0;1;0.77055;0.958333;0.178929;0.94526;1
0.753405;0.923513;0;1;0.873099;0.965602;0.11276;0.949592;0
0.561605;0.934866;0;1;0.779108;0.958716;0.191954;0.948315;1
0.751845;0.921445;0;1;0.874863;0.980149;0.113577;0.941412;0
0.563731;0.929914;0;1;0.770808;0.958333;0.188126;0.937542;1
0.753886;0.926016;0;1;0.869542;0.97543;0.113937;0.943453;0
0.560969;0.905817;0;1;0.779108;0.958333;0.190525;0.939557;1
0.755019;0.92702;0;1;0.869398;0.977887;0.115786;0.940936;0
0.5623;0.884572;0;1;0.775992;0.949541;0.192734;0.940385;1
0.735961;0.925543;0;1;0.872973;0.967742;0.116897;0.942656;0
0.553869;0.902374;0;1;0.778079;0.949541;0.17954;0.947046;1
0.735962;0.92527;0;1;0.867814;0.97543;0.115219;0.943937;0
0.553016;0.929949;0;1;0.770808;0.958333;0.193548;0.946255;1
0.739055;0.927233;0;1;0.867364;0.968059;0.117943;0.938921;0
0.554625;0.936416;0;1;0.773584;0.958333;0.178633;0.940824;1
0.73344;0.933389;0;1;0.868895;0.972973;0.116331;0.941921;0
0.553557;0.931171;0;1;0.770808;0.958716;0.1875;0.940207;1
0.641166;0.879545;0.197279;1;0.91413;1;0.0783085;0.98515;1
0.599078;0;0;1;0;0.322751;0.212847;0.162691;0
0.724096;0.917282;0.184562;1;0.808255;1;0.112615;0.996049;0
0.640537;0.895978;0.175478;1;0.896481;1;0.0878386;0.994633;1
0.640603;0;0;1;0;0.202335;0.208102;0.0852365;0
0.728102;0.925013;0.201054;1;0.811541;1;0.11741;0.997971;0
0.635912;0.859531;0.162819;1;0.87693;1;0.0834532;0.992497;1
0.540101;0;0;1;0;0.316583;0.233299;0.212505;0
0.72811;0.925234;0.198278;1;0.817412;1;0.116612;0.996365;0
0.644227;0.90085;0.176275;1;0.898568;0.998024;0.0779337;0.979452;1
0.650144;0;0;1;0;0.187739;0.23224;0.0826479;0
0.723041;0.915015;0.19212;1;0.814158;1;0.116045;0.997609;0
0.641955;0.892034;0.172036;1;0.910712;1;0.0761586;0.987077;1
0.604797;0;0;1;0;0.286432;0.227806;0.184358;0
0.730493;0.925293;0.209659;1;0.820646;1;0.0996861;0.997102;0
0.637654;0.849213;0.166779;1;0.910712;0.994024;0.0799867;0.992775;1
0.599604;0;0;1;0;0.293814;0.222867;0.201965;0
0.727487;0.920172;0.184773;1;0.820646;1;0.109931;0.9959;0
0.644162;0.878838;0.190991;1;0.908734;1;0.0726702;0.981054;1
0.726047;0.915115;0.193874;1;0.820646;0.997717;0.111924;0.997821;0
0.652513;0;0;1;0;0.191571;0.236134;0.0882123;0
0.640771;0.866649;0.173918;1;0.900637;0.996016;0.0770346;0.99061;1
0.580482;0;0;1;0;0.319797;0.232571;0.202431;0
0.727061;0.91624;0.195372;1;0.820646;1;0.098434;0.996429;0
0.208726;0.444307;0;1;0.998202;0.674208;0.0282609;0.620253;1
0.0466982;0.632103;0;1;2.20E-010;0.606061;0.228592;0.554922;0
0.753241;0.501315;0;1;0.900142;0.663912;0.0619491;0.50421;0
0;0.249782;0;1;0;0.578788;0.376626;0.260101;0
0.670365;0.903086;0;1;0.996439;0.93314;0.0727318;0.926584;0
0.183987;0.565184;0;1;0.996904;0.617117;0.027439;0.619296;1
0.729937;0.619271;0;1;0.905227;0.647849;0.0648494;0.562346;0
0;0.461841;0;1;0;0.525641;0;0.448529;0
0;0.131214;0;1;0;0.533333;0.120113;0.248166;0
0.657202;0.895449;0;1;0.993841;0.933718;0.0768126;0.949606;0
0.182811;0.569229;0;1;0.995845;0.61435;0.0363108;0.626395;1
0.74802;0.451962;0;1;0.980686;0.562278;0.0410783;0.524435;0
0;0.409351;0;1;0;0.508696;0;0.465909;0
0;0.200882;0;1;4.94E-006;0.521212;0.197343;0.256598;0
0.664256;0.904563;0;1;0.997831;0.88785;0.0811069;0.910013;0
0.18444;0.567795;0;1;0.995845;0.644144;0.0369298;0.599324;1
0.715363;0.488769;0;1;0.889905;0.667582;0.0641167;0.545568;0
0;0.640372;0;1;0;0.543478;0;0.492546;0
0;0.238172;0;1;6.96E-007;0.533333;0.0974617;0.248043;0
0.655253;0.924326;0;1;0.991764;0.925501;0.0757895;0.95231;0
0.181565;0.580384;0;1;0.989181;0.549107;0.0314788;0.532964;1
0.6941;0.639024;0;1;0.895957;0.648438;0.0783857;0.612015;0
0;0.627124;0;1;0;0.491304;0;0.414474;0
0;0.246892;0;1;0;0.481818;0.295259;0.248043;0
0.651661;0.903299;0;1;0.996499;0.95493;0.0811003;0.95649;0
0.176853;0.549107;0;1;0.998126;0.545045;0.039028;0.577512;1
0.717883;0.54762;0;1;0.892787;0.647849;0.0721672;0.569987;0
0;0.496258;0;1;0;0.440171;0;0.393905;0
0;0.10906;0;1;3.43E-007;0.542424;0.0808081;0.254397;0
0.653916;0.90427;0;1;0.996608;0.91092;0.0794181;0.937222;0
0.2152;0.563743;0;1;0.99915;0.606195;0.0372807;0.626786;1
0.00615716;0.704948;0;1;7.74E-005;0.522901;0.225125;0.419093;0
0.734129;0.504423;0;1;0.873973;0.656836;0.0727432;0.533349;0
0.654902;0.889555;0;1;0.99661;0.907781;0.0819283;0.93396;0
0.181847;0.565068;0;1;0.9992;0.731278;0.0347826;0.607617;1
0.699529;0.736784;0;1;0.867658;0.640212;0.073471;0.581137;0
0;0.450679;0;1;0;0.534783;0;0.479856;0
0;0.14166;0;1;0;0.533333;0.310726;0.251534;0
0.66006;0.889019;0;1;0.996264;0.968391;0.0842561;0.952139;0
0.186158;0.519047;0;1;0.992372;0.555066;0.0440967;0.533981;1
0.70564;0.506697;0;1;0.850942;0.689373;0.0784271;0.578386;0
0;0.633947;0;1;0;0.517391;0;0.440789;0
0;0.247182;0;1;4.31E-038;0.50303;0.364358;0.254397;0
0.651977;0.911916;0;1;0.996613;0.918079;0.0812147;0.95425;0
0.222572;0.549303;0;1;0.995258;0.547945;0.0282738;0.504443;1
0.688749;0.535742;0;1;0.866969;0.644562;0.0722991;0.56968;0
0;0.810384;0;1;0;0.5;0;0.465047;0
0;0.30544;0;1;0;0.580547;0.277047;0.260024;0
0.649013;0.896378;0;1;0.995406;0.915452;0.0799617;0.936242;0
0.231752;0.584677;0;1;0.992372;0.530702;0.0323508;0.4947;1
0.688328;0.637475;0;1;0.816243;0.66129;0.0730932;0.555124;0
0;0.886579;0;1;0;0.502128;0;0.416086;0
0;0.289842;0;1;9.91E-009;0.586626;0.197886;0.249102;0
0.651039;0.89415;0;1;0.996838;0.95977;0.0796155;0.926355;0
0.339119;0.696534;0;1;0.999472;0.475806;0.0294811;0.498201;1
0.711914;0.735593;0;1;0.891722;0.645833;0.0812686;0.580897;0
0;0.891254;0;1;0;0.457399;0;0.379141;0
0;0.908299;0;1;2.95E-008;0.613003;0.108461;0.266012;0
0.648842;0.893856;0;1;0.99386;0.924198;0.0901659;0.946424;0
0.343001;0.685391;0;1;0.995258;0.454918;0.0400243;0.510929;1
0.71063;0.764621;0;1;0.878611;0.64433;0.08279;0.591331;0
0;0.794728;0;1;0;0.534483;0;0.378651;0
0;0.262547;0;1;0;0.592593;0.343546;0.254705;0
0.646148;0.884363;0;1;0.997611;0.954286;0.0788189;0.953477;0
0.345255;0.701715;0;1;0.998126;0.516949;0.0325953;0.555919;1
0.71432;0.790875;0;1;0.872999;0.639257;0.0764929;0.623293;0
0;0.895438;0;1;0;0.46696;0;0.348321;0
0;0.643013;0;1;2.08E-006;0.542945;0.202414;0.260024;0
0.641844;0.89238;0;1;0.995013;0.917847;0.0838679;0.947862;0
0.168688;0.560728;0;1;0.988439;0.493392;0.0293696;0.539903;1
0.628199;0.698077;0;1;0.865591;0.643799;0.0730178;0.579517;0
0;0.797303;0;1;0;0.469565;0;0.428315;0
0;0.507361;0;1;0;0.516717;0.393029;0.266833;0
0.617676;0.896784;0;1;0.995145;0.955056;0.0837309;0.954282;0
0.167458;0.520676;0;1;0.983708;0.590909;0.0192593;0.562416;1
0.640314;0.644172;0;1;0.867814;0.647849;0.0666811;0.567954;0
0;0.769631;0;1;0;0.430435;0;0.397155;0
0;0.569196;0;1;3.66E-008;0.506061;0.255227;0.249386;0
0.62545;0.902573;0;1;0.995996;0.988636;0.0805095;0.952065;0
0.173978;0.589321;0;1;0.988059;0.603448;0.0386236;0.553144;1
0.643437;0.652025;0;1;0.872973;0.650538;0.07689;0.570235;0
0;0.801186;0;1;0;0.512821;0;0.416163;0
0;0.504791;0;1;3.73E-007;0.50152;0.214148;0.2467;0
0.615232;0.9043;0;1;0.999714;0.886503;0.085988;0.906554;0
0.169951;0.581279;0;1;0.998688;0.570175;0.031746;0.575074;1
0.646157;0.646634;0;1;0.888501;0.651596;0.0745131;0.594902;0
0;0.788326;0;1;0;0.586957;0;0.432578;0
0;0.588678;0;1;3.55E-007;0.580547;0.198696;0.27104;0
0.62073;0.91541;0;1;0.992443;0.918994;0.0852567;0.955149;0
0.264223;0.589776;0;1;0.988059;0.535088;0.0446176;0.571677;1
0.0647894;0.549751;0;1;4.58E-006;0.45935;0.235962;0.442372;0
0.624919;0.667254;0;1;0.837573;0.668464;0.0787402;0.58125;0
0;0.913521;0;1;1.96E-007;0.524242;0.181466;0.25587;0
0.611373;0.898031;0;1;0.994761;0.917847;0.0869979;0.946206;0
0.266973;0.559304;0;1;0.992062;0.572072;0.0571848;0.502868;1
0.678918;0.753692;0;1;0.884695;0.64433;0.0916272;0.595222;0
0;0.894831;0;1;0;0.543478;0.00250627;0.405026;0
0;0.906426;0;1;3.54E-006;0.492355;0.131572;0.246318;0
0.626916;0.893087;0;1;0.999044;0.908309;0.0881726;0.940156;0
0.620068;0.902332;0.348483;1;0.972765;1;0.141839;0.98892;1
0.526236;0.911144;0.294167;1;0.970433;1;0.119886;0.9977;0
0.368842;0.82865;0.233825;1;0.986275;1;0.137983;1;0
0.729035;0.914402;0.296586;1;0.624721;1;0.118892;0.990099;0
0;0.930373;0.216457;1;0;0.520833;0;0.526316;0
0.618985;0.917583;0.353505;1;0.977153;1;0.139425;0.993917;1
0.390626;0.847935;0.234998;1;0.988439;1;0.122409;0.994436;0
0.524218;0.912288;0.274547;1;0.969535;1;0.118503;0.996834;0
0.731227;0.918715;0.282629;1;0.608047;1;0.117918;0.995726;0
0;0.930398;0.208162;1;0;0.513158;0;0.504453;0
0.621977;0.886411;0.34399;1;0.978191;1;0.136694;0.989858;1
0.379062;0.815742;0.227943;1;0.984804;1;0.137171;1;0
0.524131;0.910796;0.270087;1;0.967701;1;0.117203;0.998934;0
0.724849;0.916016;0.277824;1;0.642123;1;0.121844;0.998648;0
0;0.939518;0;1;0;0.512821;0;0.494055;0
0.615857;0.913113;0.332806;1;0.975551;1;0.141513;0.993682;1
0.366542;0.787254;0.243064;1;0.98648;1;0.136169;1;0
0.518709;0.909061;0.285302;1;0.964854;1;0.115715;0.997853;0
0.727488;0.915929;0.269729;1;0.626993;0.986456;0.118133;0.994416;0
0;0.831838;0.208881;1;0;0.512821;0;0.5;0
